{"cameraMode":{"drawMode":0,"name":"Shaded","section":"Shading Mode"},"sceneLighting":false,"audioPlay":false,"sceneViewState":{"m_AlwaysRefresh":false,"showFog":true,"showSkybox":false,"showFlares":true,"showImageEffects":true,"showParticleSystems":true,"showVisualEffectGraphs":true,"m_FxEnabled":true},"in2DMode":false,"pivot":{"x":-3.203158140182495,"y":1.7775707244873047,"z":-0.1726287603378296},"rotation":{"x":0.15941539406776429,"y":-0.06953718513250351,"z":0.011257920414209366,"w":0.9846989512443543},"size":2.857837200164795,"orthographic":false}