{"cameraMode":{"drawMode":0,"name":"Shaded","section":"Shading Mode"},"sceneLighting":true,"audioPlay":false,"sceneViewState":{"m_AlwaysRefresh":false,"showFog":true,"showSkybox":true,"showFlares":true,"showImageEffects":true,"showParticleSystems":true,"showVisualEffectGraphs":true,"m_FxEnabled":true},"in2DMode":false,"pivot":{"x":3.5423598289489748,"y":10.236862182617188,"z":-0.03836774826049805},"rotation":{"x":0.11921192705631256,"y":-0.09071648865938187,"z":0.010939177125692368,"w":0.9886594414710999},"size":7.135344982147217,"orthographic":false}