{"cameraMode":{"drawMode":0,"name":"Shaded","section":"Shading Mode"},"sceneLighting":true,"audioPlay":false,"sceneViewState":{"m_AlwaysRefresh":false,"showFog":true,"showSkybox":true,"showFlares":true,"showImageEffects":true,"showParticleSystems":true,"showVisualEffectGraphs":true,"m_FxEnabled":true},"in2DMode":false,"pivot":{"x":-1.1615054607391358,"y":-5.219538688659668,"z":17.846433639526368},"rotation":{"x":0.2306690365076065,"y":-0.018977707251906396,"z":0.004499668255448341,"w":0.9728394746780396},"size":14.690691947937012,"orthographic":false}