{"cameraMode":{"drawMode":0,"name":"Shaded","section":"Shading Mode"},"sceneLighting":true,"audioPlay":false,"sceneViewState":{"m_AlwaysRefresh":false,"showFog":true,"showSkybox":true,"showFlares":true,"showImageEffects":true,"showParticleSystems":true,"showVisualEffectGraphs":true,"m_FxEnabled":true},"in2DMode":false,"pivot":{"x":4.220808982849121,"y":13.395584106445313,"z":0.8731789588928223},"rotation":{"x":0.11921192705631256,"y":-0.09071648865938187,"z":0.010939177125692368,"w":0.9886594414710999},"size":4.676532745361328,"orthographic":false}