{"cameraMode":{"drawMode":0,"name":"Shaded","section":"Shading Mode"},"sceneLighting":true,"audioPlay":false,"sceneViewState":{"m_AlwaysRefresh":false,"showFog":true,"showSkybox":true,"showFlares":true,"showImageEffects":true,"showParticleSystems":true,"showVisualEffectGraphs":true,"m_FxEnabled":true},"in2DMode":false,"pivot":{"x":-1.5781277418136597,"y":1.587902545928955,"z":11.184871673583985},"rotation":{"x":0.16710306704044343,"y":-0.0354856476187706,"z":0.006018373183906078,"w":0.9852848649024963},"size":12.37128734588623,"orthographic":false}