{"cameraMode":{"drawMode":0,"name":"Shaded","section":"Shading Mode"},"sceneLighting":false,"audioPlay":false,"sceneViewState":{"m_AlwaysRefresh":false,"showFog":true,"showSkybox":false,"showFlares":true,"showImageEffects":true,"showParticleSystems":true,"showVisualEffectGraphs":true,"m_FxEnabled":true},"in2DMode":false,"pivot":{"x":3.424983501434326,"y":-0.6932384967803955,"z":-0.9886007308959961},"rotation":{"x":0.29265260696411135,"y":0.001434322097338736,"z":-0.0004389811074361205,"w":0.9562179446220398},"size":1.8319662809371949,"orthographic":false}