{"cameraMode":{"drawMode":0,"name":"Shaded","section":"Shading Mode"},"sceneLighting":false,"audioPlay":false,"sceneViewState":{"m_AlwaysRefresh":false,"showFog":true,"showSkybox":false,"showFlares":true,"showImageEffects":true,"showParticleSystems":true,"showVisualEffectGraphs":true,"m_FxEnabled":true},"in2DMode":false,"pivot":{"x":0.6279580593109131,"y":2.804459571838379,"z":3.415297269821167},"rotation":{"x":0.11921192705631256,"y":-0.09071648865938187,"z":0.010939177125692368,"w":0.9886594414710999},"size":1.889478325843811,"orthographic":false}